id,title,authors,abstract,categories,published,url,resource_uri,no,total_results
2607.06472v1,Provable learning separation for predicting time-evolution of quantum many-body systems,"['Rahul Bandyopadhyay', 'Riccardo Molteni', 'Jens Eisert', 'Vedran Dunjko', 'Sofiene Jerbi']","Given that quantum computers are naturally suited to simulate the behavior of quantum many-body systems, an immediate question arises: can one formulate physically motivated quantum machine learning (QML) tasks that exhibit learning separations? We address this problem by studying the learnability of quantum many-body dynamics from the perspective of probably approximately correct (PAC)-learning. Concretely, we devise a supervised learning problem where the training set consists of specifications of randomized stabilizer probe states, evolution times sampled uniformly from a polynomially large time interval $[0,T]$, coupled with expectation values of certain observables evaluated on the resulting time-evolved state under an unknown Hamiltonian. For this learning task, we provide an efficient quantum procedure whose training phase learns the underlying Hamiltonian from short-time training samples, and whose deployment phase combines Hamiltonian simulation with the classical shadows protocol to perform inference on a newly given data point. By contrast, the existence of $O(\mathsf{poly}(n))$-time instances ensures classical hardness: by embedding a $\mathsf{BQP}$-complete computation into the polynomially long time-dynamics of a low-intersection variant of the Feynman-Kitaev clock Hamiltonian construction, we show that, for a certain family of input distributions, no randomized classical polynomial-time algorithm can fulfill our learning condition, unless $\mathsf{BQP}\subseteq\mathsf{P/poly}$. Furthermore, we show that the classically hard instance maintains quantum learnability. We also give an interpretation of our results in learning-assisted certified quantum simulation. Taken together, our results demonstrate a rigorous learning separation for a natural ML task based on Hamiltonian evolution, while building connections between quantum learning theory, quantum simulation, and QML.","['quant-ph', 'cs.AI', 'cs.LG']",2026-07-07T16:30:09+00:00,https://arxiv.org/pdf/2607.06472v1,arxiv://2607.06472v1,1,30
2607.03939v1,Disentangling Haldane Phase by Generalized Clifford Circuits,"['Minsoo Kim', 'Changhun Oh', 'Donghoon Kim']","Disentangling transformations play a central role in the classical simulation of quantum many-body systems, yet their analytic structure and underlying mechanism remain largely unexplored. Here, we study the structure of the disentangler in the Haldane phase of spin-1 systems using generalized Clifford circuits. To this end, we extend the Clifford-circuit-augmented matrix product states (CAMPS)-based density-matrix renormalization group (DMRG) method to spin-1 systems. Within this framework, we find that the local disentanglers optimized for the Haldane phase implement the generalized Kramers--Wannier (KW) transformation, and we analytically verify its optimality for the Affleck--Kennedy--Lieb--Tasaki (AKLT) state. Beyond reducing entanglement, the KW transformation maps the Haldane phase to a phase with spontaneously broken $\mathbb{Z}_{2}$ symmetry. This mapping is distinct from the Kennedy--Tasaki transformation and provides a new unitary route from symmetry-protected topological order to symmetry breaking.","['quant-ph', 'cond-mat.stat-mech', 'cond-mat.str-el']",2026-07-04T16:16:45+00:00,https://arxiv.org/pdf/2607.03939v1,arxiv://2607.03939v1,2,30
2607.02673v1,Quench Spectroscopy of Magnetic Excitations on a Superconducting Quantum Processor,"['D. A. Millar', 'G. W. Pennington', 'N. T. M. Siow', 'S. Brandhofer', 'J. Crain', 'F. H. L. Essler', 'A. G. Green', 'S. J. Thomson']","The elementary excitation spectrum of a many-body quantum system encodes many key properties, including phenomena as diverse as transport, thermalisation and ground state structure. Excitation spectra of strongly correlated systems are typically encoded in dynamical structure factors, which are demanding to measure experimentally and challenging to compute classically. Here we use quench spectroscopy on a superconducting quantum processor to extract excitation spectra of spin chains of $L=101$ spins. By tailoring the combination of quench protocol and observable, we selectively access distinct excitation sectors across several phases of the spin-$1/2$ XXZ chain, resolving free magnons, multi-magnon bound states, and two-spinon continua. Notably, we demonstrate that the protocol does not rely on ground state preparation: in the classically challenging gapless regime, we extract spectra directly from the quench dynamics of easily prepared product states, a procedure that is natural and straightforward on quantum hardware. Our work establishes quench spectroscopy as a fast and flexible probe of many-body excitation spectra on digital quantum hardware, introduces a novel quench protocol that does not require costly state preparation routines, and provides a scalable route towards regimes where classical simulation may become intractable.","['quant-ph', 'cond-mat.str-el']",2026-07-02T18:09:19+00:00,https://arxiv.org/pdf/2607.02673v1,arxiv://2607.02673v1,3,30
2607.02242v1,Computable measures of fermionic non-Gaussianity from the covariance matrix,"['Poetri Sonya Tarabunga', 'Bernhard Jobst', 'Raúl Morral-Yepes', 'Marc Langer', 'Barbara Kraus', 'Frank Pollmann', 'Sheng-Hsuan Lin']","Fermionic non-Gaussianity, or fermionic magic, is a key resource underlying the computational complexity of fermionic quantum systems, yet tractable and operationally meaningful ways to quantify it remain limited. We address this challenge by developing a convex resource theory of fermionic non-Gaussianity and introducing two families of computable measures for pure fermionic states, both derived from the Williamson normal form of the covariance matrix. The first family, occupation number entropies, is defined as the Tsallis-$α$ entropy of the occupation numbers. We prove that one member of this family is monotonic under Gaussian protocols, establishing it as a computable convex resource monotone. It consequently lower bounds the number of non-Gaussian gates needed for state preparation. The second family, natural-orbital participation entropies, is given by the Rényi-$α$ entropy of the squared amplitudes of the state in the natural-orbital basis, defined by the eigenvectors of the covariance matrix. These measures quantify state compressibility in this basis and thus upper bound the classical simulation cost in an orthonormal Gaussian basis. We analyze both families for stabilizer and translation-invariant states, where they simplify and reveal additional structure. We further study representative examples, including random SWAP-doped matchgate circuits and the bond-modulated XXZ model, highlighting the role of non-Gaussianity in many-body phenomena. Our work establishes a resource-theoretic framework for computable fermionic non-Gaussianity that unifies notions arising across quantum information, condensed-matter physics, and quantum chemistry, opening new directions for studying the complexity of quantum many-body systems and providing practical tools to assess the classical simulability of fermionic states relevant for quantum advantage.","['quant-ph', 'cond-mat.str-el']",2026-07-02T14:38:25+00:00,https://arxiv.org/pdf/2607.02242v1,arxiv://2607.02242v1,4,30
2607.01653v1,Preparing a Thermofield Double State with Feedback Quantum Algorithms,"['Guilherme E. L. Pexe', 'Lucas A. M. Rattighieri', 'Felipe F. Fanchini', 'Dario Rosa', 'Amilson R. Fritsch']","The efficient preparation of correlated thermal states, such as the Thermofield Double (TFD) state, is a fundamental prerequisite for simulating quantum gravity models and many-body thermodynamics on quantum processors. In this work, we investigate the ground state preparation of the Two Coupled Sachdev-Ye-Kitaev model, known as the Maldacena-Qi model, which is dual to a traversable wormhole in $AdS_2$, utilizing feedback-based quantum algorithms. We demonstrate that the standard feedback-based quantum algorithm (FALQON) and its time-rescaled variant (TR-FALQON) face severe kinetic limitations in this system, failing to converge to the highly entangled ground state when initialized in trivial product states. To overcome these barriers, we propose the hybrid ITE-TR-FALQON protocol, which integrates the imaginary-time evolution present in imaginary-time-enhanced FALQON (ITE-FALQON) with the time-rescaling mechanism. Our numerical results indicate that the introduction of non-unitary dynamics is strictly necessary to break symmetry traps and filter out excited states, while time-rescaling drastically accelerates algorithm convergence. The proposed method achieves fidelities close to unity and reproduces the von Neumann and Rényi entropy spectra of the exact TFD state with high precision.","['hep-th', 'quant-ph']",2026-07-02T03:25:37+00:00,https://arxiv.org/pdf/2607.01653v1,arxiv://2607.01653v1,5,30
2607.01568v1,A Validation Framework for Quantum Simulation of Spin Dynamics against Inelastic Neutron Scattering and Classical Simulation,"['Gilles Buchs', 'Elaine Wong', 'Anshumitra Baul', 'Kathleen E. Hamilton', 'Arnab Banerjee', 'Stephan Eidenbenz', 'Gábor B. Halász', 'Keerthi Kumaran', 'Thomas Maier', 'Thomas Naughton', 'Elijah Pelofske', 'Vincent Russo', 'Allen Scheie', 'Yigit Subasi', 'D. Alan Tennant', 'Akram Touil', 'Travis S. Humble', 'Andrew T. Sornborger']","Quantitative validation of quantum simulations of dynamical spin response remains challenging because experiment, classical simulation, and quantum simulation do not produce the same native observables. This problem has become increasingly important as quantum simulation protocols for dynamical response have progressed from theory to hardware-level benchmarking against neutron-scattering data, while the longer term goal is validation in regimes that may eventually become classically intractable, including in future fault-tolerant implementations. Here, we develop a cross-pipeline validation framework for quantum simulation, using inelastic neutron scattering and classical many-body simulation as complementary experimental and computational anchors, based on explicit forward and inverse observable maps, covariance- or resampling-based uncertainty propagation, robustness tests for structured distortion, and a hierarchy of complementary metric families. The framework distinguishes stochastic uncertainty from robustness-induced distortion, carries both explicitly through the comparison chain, and uses the resulting metric-level uncertainty and distortion information to support layered validation at the pipeline, solver, and model levels. We also introduce actuator-aware feedback logic aimed at improving agreement without obscuring the physical origin of any remaining mismatch. We close by outlining future extensions of this methodology, including upstream uncertainty and distortion modeling, adaptive feedback, asymmetric validation beyond full classical benchmarking, fault-tolerant workflows, and community infrastructure for reproducible validation.",['quant-ph'],2026-07-02T00:56:36+00:00,https://arxiv.org/pdf/2607.01568v1,arxiv://2607.01568v1,6,30
2607.01231v1,Brownian ratchets and pumps universally simulate many-body active dynamics,"['Charles Stahl', 'Ethan Lake', 'Vedika Khemani']","Active systems can exhibit a broad range of phenomena forbidden in equilibrium. Their dynamics are often specified by abstract local update rules, and it is generally unclear when the same behavior can arise from physically natural driving. Here we show that two simple driving mechanisms can universally simulate any local active dynamics in spin systems. The first is the familiar setting of a time-periodic Hamiltonian coupled to a cold bath, which we call a ""many-body Brownian pump."" As a second mechanism, we promote the Brownian ratchet, traditionally a mechanism for transport, to a ""many-body Brownian ratchet"": a static Hamiltonian coupled to a hot bath and a cold bath, where the resulting steady heat current can be harnessed not only to drive transport but also to generate local active dynamics. Using probabilistic cellular automata as an explicit model, we prove that for any continuous-time (or discrete-time) local active dynamics, there is always a many-body Brownian ratchet (or pump) that approximates the dynamics, up to noise that can be made arbitrarily weak by tuning energy scales and other parameters. As a concrete demonstration, we construct a simple ferromagnetic Ising ratchet on a bilayer lattice. When the two layers are coupled to baths at different temperatures, this model serves as a robust classical memory even under a symmetry-breaking field, something impossible in equilibrium. More broadly, our work shows that ratchets can use steady heat currents to autonomously generate and stabilize novel collective behavior, realizing a new static setting for nonequilibrium many-body dynamics.","['cond-mat.stat-mech', 'quant-ph']",2026-07-01T17:59:50+00:00,https://arxiv.org/pdf/2607.01231v1,arxiv://2607.01231v1,7,30
2606.32030v2,Simulation of Two-qubit Gate Variability and Fidelity of Spin Qubits Built on Nanosheet Technology,"['Trung Nguyen', 'Sarah Dweik', 'Hiu Yung Wong']","Silicon spin qubits are promising for large-scale quantum-computer integration because they can fully leverage the well-developed semiconductor infrastructure. However, the low fidelity of two-qubit entanglement gates remains a key barrier to large-scale integrations. Recent simulations of silicon spin-qubit two-qubit gates have been performed on silicon-on-insulator (SOI) platforms, while nanosheet-based charge-qubit work has been limited to single-qubit operation using a two-dimensional Schrödinger approximation. In this work, we study silicon spin-qubit double quantum dots built on nanosheet technology using the Quantum Technology Computer-Aided Design (QTCAD) simulation suite to run three-dimensional Poisson and Schroedinger solvers, followed by a many-body solver to extract exchange interactions. We evaluate the exchange energy sensitivity to process and bias variations and then use QuTiP to solve the master equation for a two-qubit gate. The results show that millivolt-level bias variations at the plunger and middle barrier gates can reduce the gate fidelity below 99%, a common threshold target for many fault-tolerant quantum-computing algorithms. Gate-referred 1/f charge-noise effects are also analyzed through the resulting coherence time.",['quant-ph'],2026-06-30T17:55:03+00:00,https://arxiv.org/pdf/2606.32030v2,arxiv://2606.32030v2,8,30
2606.31667v1,Suppressing Parametric Instabilities in Driven Bosonic Lattices through Multi-tone Control,"['Robbie Cruickshank', 'Samuel Lellouch', 'Marin Bukov', 'Eugene Demler', 'Nathan Goldman', 'Elmar Haller']","Periodically driven quantum systems offer remarkable flexibility in tailoring effective Hamiltonians and synthetic band structures. However, such driving also induces heating and dynamical instabilities that limit the coherence and lifetime of many-body states. Here, we demonstrate that these instabilities can be suppressed by employing multi-tone driving schemes. Using a Bose-Einstein condensate of cesium atoms in an optical lattice, we experimentally explore two approaches: pulsed driving composed of odd harmonics and two-tone driving with tunable amplitude and relative phase. We show that both methods allow independent control of the effective tunneling amplitude and Peierls phase factor, while significantly reducing phonon excitation and the resulting rapid decay of the condensate. Numerical simulations and theoretical modeling based on Bogoliubov-de Gennes equations confirm the suppression of unstable modes under optimized driving conditions. Our results establish multifrequency drives as powerful tools for stabilizing driven many-body systems and pave the way toward robust Floquet engineering with interactions.","['cond-mat.quant-gas', 'quant-ph']",2026-06-30T13:49:04+00:00,https://arxiv.org/pdf/2606.31667v1,arxiv://2606.31667v1,9,30
2606.30589v1,Equilibrium and non-equilibrium phases of microwave-dressed polar molecules beyond rotational symmetries,"['Matteo Ciardi', 'Andreas Schindewolf', 'Tim Langen', 'Thomas Pohl']","Recent experiments on molecular droplets have opened a new frontier of self-organization in strongly dipolar quantum matter. Microwave-dressing of polar molecules permits to tune both the strength and the angular structure of long-range interactions, potentially promoting a rich spectrum of quantum phases, from superfluid droplets with varying geometry and insulating or supersolid droplet arrays to strongly correlated crystals of individual molecules. Using path-integral Monte Carlo simulations of large molecular ensembles, we demonstrate that experimentally observed droplet arrays emerge as a metastable non-equilibrium state from the quenching of a gas-droplet phase transition under entirely broken rotational symmetry of the microwave-induced interaction potential. We moreover find that a crystalline phase of molecules, predicted for antidipolar interactions, is absent under conditions of recent experiments. This is traced back to the lack of angular symmetry in currently employed microwave-dressing, which qualitatively reshapes the many-body energy landscape and cannot be captured by effective scalar interaction parameters. Our results provide the first direct comparison of ab initio simulations and experiments and establish interaction anisotropy as a key aspect of molecular quantum gases.","['cond-mat.quant-gas', 'physics.atom-ph', 'quant-ph']",2026-06-29T17:32:04+00:00,https://arxiv.org/pdf/2606.30589v1,arxiv://2606.30589v1,10,30
2606.30146v1,Spin bath mediated long-lived coherent oscillations of NV centers in diamond,"['Akshat Rana', 'Pooja Lamba', 'Basanta Mistri', 'Dieter Suter', 'Siddharth Dhomkar', 'Rama K. Kamineni']","Decoherence is the biggest bottleneck in all quantum technologies. For nitrogen-vacancy (NV) centers in diamond, the loss of coherence is caused by the electron and nuclear spin bath of the diamond lattice. Here, we demonstrate that the spin bath - that typically causes decoherence - entangles the spin states of the NV electron and the host $^{14}$N nucleus. The many-body interaction between the $^{14}$N nucleus - electron - bath spins at an energy level anti-crossing occurring for an applied magnetic field orientation perpendicular to the NV axis is responsible for this effect. This is observed experimentally on NV ensembles via electron spin-echo measurements, where the echo envelope is modulated at the frequency of a $^{14}$N nuclear spin transition. Using numerical simulations, we show that the spin bath coupling to the NV centers is essential for observing this modulation. Due to the zero first-order Zeeman effect at the anti-crossing, the observed oscillations have long spin-echo coherence times, 2--3 times those at the parallel magnetic field orientation. The oscillation frequency is highly stable and robust against environmental fluctuations. These findings provide new opportunities for fundamental studies of many-body physics and quantum sensing.","['quant-ph', 'cond-mat.mes-hall']",2026-06-29T11:22:56+00:00,https://arxiv.org/pdf/2606.30146v1,arxiv://2606.30146v1,11,30
2606.29281v1,Learning Inhomogeneous Heisenberg Hamiltonians in Nanographene Spin Chains,"['Greta Lupi', 'Saketh Ravuri', 'Chenxiao Zhao', 'Weidan Zhang', 'Cesare Roncaglia', 'Renxiang Liu', 'Xinliang Feng', 'Daniele Passerone', 'Pascal Ruffieux', 'Roman Fasel', 'Jose L. Lado', 'Gonçalo Catarina']","Inferring microscopic Hamiltonians from experimental data is a central challenge in quantum materials and quantum simulation. In low-dimensional spin systems, exchange interactions are often assumed to be spatially uniform, despite structural and environmental inhomogeneities that can locally modify the coupling. Here, we leverage a local, length-independent machine learning methodology to reconstruct spatially modulated exchange interactions directly from inelastic scanning tunneling spectroscopy maps. We demonstrate this approach with nanographene spin chains, identifying both near-uniform and inhomogeneous regimes across the synthesized magnets. The reconstructed models quantitatively reproduce the experimental spectra and recover the correct scaling of the excitation gap with system size. Our results establish a general strategy to bridge local spectroscopic measurements with effective many-body Hamiltonians.","['cond-mat.mes-hall', 'quant-ph']",2026-06-28T08:59:31+00:00,https://arxiv.org/pdf/2606.29281v1,arxiv://2606.29281v1,12,30
2606.29042v2,Exact Hilbert-space ergodicity from continuous monitoring,"['Yue Wu', 'Yuzhi Tong', 'Liang Mao', 'Pengfei Zhang']","Quantum evolution is generally expected to drive a quantum many-body system toward equilibrium. This expectation is often justified by the Hilbert-space ergodicity of generic quantum dynamics, namely, the idea that pure-state evolution explores Hilbert space uniformly up to physical constraints. Such a statement can be made rigorous by requiring the associated state ensemble to form the Haar-random ensemble, or its more structured generalization, the Scrooge ensemble. In this Letter, we report the emergence of exact Hilbert-space ergodicity in a continuously monitored quantum many-body system. For any target density matrix $σ$, we construct a continuously monitored system for which we rigorously prove that the Scrooge ensemble of $σ$ is the unique late-time equilibrium distribution of quantum trajectories. Remarkably, this requires only that the jump operators in the monitoring form a deformed unitary 1-design, a seemingly much weaker condition than full ergodicity. We numerically demonstrate our predictions by simulating continuously monitored systems whose equilibrium states are thermal states. Our results establish a rigorous mechanism for the emergence of Hilbert-space ergodicity and provide a practical route for its investigation on quantum devices.","['quant-ph', 'cond-mat.quant-gas', 'cond-mat.stat-mech']",2026-06-27T18:36:32+00:00,https://arxiv.org/pdf/2606.29042v2,arxiv://2606.29042v2,13,30
2606.28952v1,A High-Performance Pauli-Algebra Framework for Large-Scale Quantum Simulations,"['Xiaopeng Li', 'Zhijie Sun', 'Yi Fan', 'Jie Liu', 'Zhenyu Li', 'Jinlong Yang']","Efficient manipulation of Pauli-algebraic objects is a key bottleneck in the classical emulation and benchmarking of quantum algorithms for chemistry and many-body physics. This bottleneck appears in Hamiltonian construction, variational ansatz preparation, expectation-value and gradient evaluation, and real-time propagation, all of which require repeated Pauli-algebra operations. Here, we present a high-performance Pauli-algebra framework tailored to quantum many-body and quantum-chemical simulations. The framework combines compact binary symplectic encoding, canonical coefficient reduction, and grouped sparse operator representations that exploit shared bit-flip patterns among Pauli strings. The resulting Julia/C\texttt{++} implementation accelerates Pauli multiplication, Hamiltonian construction, and operator--state multiplication in sparse and symmetry-adapted many-electron spaces. Benchmarks demonstrate efficient Hamiltonian construction, large-active-space VQE and ADAPT-VQE calculations, and real-time variational dynamics on modern multicore CPU and GPU architectures. These results show that structure-aware Pauli-algebra engines provide a scalable classical backend for developing and benchmarking quantum algorithms in quantum chemistry and many-body simulation.",['quant-ph'],2026-06-27T14:51:19+00:00,https://arxiv.org/pdf/2606.28952v1,arxiv://2606.28952v1,14,30
2606.28664v1,Temporal Dynamical Quantum Phase Transition in Dicke Model with Trapped Ions,"['Ji Bian', 'Wei Wu', 'Zihan Xie', 'Mengxiang Zhang', 'Yi Li', 'Yue Li', 'Rixin Yao', 'Yuqi Zhou', 'Xu Cheng', 'Han Pu', 'Yiheng Lin']","Temporal non-analyticities in the rate function of the Loschmidt echo manifests a class of dynamical quantum phase transitions (DQPTs) that has emerged as a powerful framework for understanding far-from-equilibrium many-body dynamics. While such DQPT has been extensively studied theoretically in spin-boson systems such as the Dicke model, their experimental observation remains elusive. In particular, the dynamics of DQPT in asymmetric spin subspaces and under the influence of spin dissipation are largely unexplored. Here, we report an experimental study of temporal DQPT in a generalized Dicke model using a trapped-ion quantum simulator. By coupling a linear chain of $\rm{^{40}Ca^{+}}$ ions to a collective center-of-mass motional mode, we probe the quench dynamics starting from both symmetric and asymmetric initial states. We extract the rate function and identify temporal turn-around points that are in quantitative agreement with theoretical predictions. Additionally, we investigate the impact of spin dissipation on these dynamics. Our results establish an experimental platform for probing complex many-body out-of-equilibrium phenomena and advance the development of hybrid oscillator-spin quantum simulators.",['quant-ph'],2026-06-27T00:51:01+00:00,https://arxiv.org/pdf/2606.28664v1,arxiv://2606.28664v1,15,30
2606.28552v3,Enhancing Initial-State Sensitivity through Time-Dependent Hamiltonian Readout in Ising Spin Chains,['Hoang Van Do'],"Local observables can lose sensitivity to an initial state during strongly interacting many-body evolution even though the global dynamics remain unitary. We show that this sensitivity can be enhanced through a time-dependent Hamiltonian readout. Two orthogonal product states are first evolved under a slanted-field Ising Hamiltonian, where their distinction becomes strongly suppressed as observed through several local observables, including subsystem magnetizations and correlation functions, and are then quenched to the transverse-field Ising model at a tunable time. Exact simulations of chains up to $N=12$ show that the optimized time-averaged separation after the switch exceeds the residual slanted-field baseline for every observable and system size tested. In the strongest channels, the standardized readout separation remains robust over the accessible size range, with no clear systematic suppression at larger $N$. The enhancement recurs in widely separated late-time windows and persists qualitatively for open boundaries. These results establish Hamiltonian switching as an observable-selective mechanism for enhancing initial-state sensitivity without time reversal or implying recovery of the full reduced state.",['quant-ph'],2026-06-26T19:11:34+00:00,https://arxiv.org/pdf/2606.28552v3,arxiv://2606.28552v3,16,30
2606.27424v1,Engineering of non-Hermitian interactions in digital qudit quantum simulators,"['Matteo M. Wauters', 'Paolo Boschetto', 'Edoardo Ballini', 'Alberto Biella', 'Philipp Hauke']","Non-Hermitian Hamiltonians are a fascinating class of many-body models that describe the effective dynamics of quantum systems interacting with the environment through particle, energy, or information exchange. Although their theoretical framework is well established, the controlled engineering of such Hamiltonians in the context of quantum simulations remains challenging, even more so when the non-Hermitian part describes a $k$-body interaction. Qudit quantum simulators offer a compelling framework to implement such models. We theoretically investigate the dynamics of a one-dimensional chain of qudits undergoing hybrid unitary-projective evolution, where suitably designed measurements constrain the dynamics to a Zeno subspace. As we illustrate for the case of qutrits, within the Zeno subspace the dynamics is governed by an effective non-Hermitian Hamiltonian for an ensemble of pseudo-spins $1/2$, which can inherit non-Hermitian two-body interactions with the same connectivity as the full qutrit chain. We derive an analytical relation linking the monitored qutrits' evolution to a desired target non-Hermitian Hamiltonian and validate the effective description through numerical simulations of a representative model. Our scheme provides a constructive route for the realization of a large class of interacting non-Hermitian many-body Hamiltonians in experimentally relevant multilevel quantum platforms, including trapped ions and superconducting circuits.",['quant-ph'],2026-06-25T18:00:01+00:00,https://arxiv.org/pdf/2606.27424v1,arxiv://2606.27424v1,17,30
2606.25029v1,Efficient Quantum Circuits for Coherent Conversion Between General First- and Second-Quantized Many-Body Representations,"['Jack S. Baker', 'Gaurav Saxena', 'Thi Ha Kyaw']","Quantum simulation at fixed particle number admits two equivalent descriptions, a first-quantized (particle) representation and a second-quantized (occupation-number) representation. Their quantum resource costs differ sharply across computational tasks, so the ability to convert coherently between them is valuable. We construct an explicit unitary $Q$, with inverse $Q^\dagger$, that maps a first-quantized state to its fixed-$N$ occupation-number form while diagnosing the input's particle-exchange symmetry. The conversion is therefore symmetry-agnostic at the input yet fully resolved at the output, and it applies uniformly to bosonic, fermionic, and parastatistical sectors. At its foundation lies a structural identification that we place at the center of this work: the quantum Schur transform supplied by Schur-Weyl duality is the non-abelian Fourier transform of the commuting pair $(S_N,U(d))$, and the occupation-number representation is its weight basis, retaining only the labels shared by both factors, the irrep $λ$ and the $\mathfrak{u}(d)$ weight. This reduction is lossless for bosons and fermions, while a canonical Gelfand-Tsetlin promise renders it one-to-one for the remaining sectors. Algorithmically, $Q$ composes the strong Schur transform with reversible arithmetic that computes occupations as successive row-sum differences of the Gelfand-Tsetlin pattern, yielding gate complexity $\mathrm{poly}(N,d,\log(1/ε))$. The converted state is prepared efficiently in quantum memory. Any classical algorithm that outputs it explicitly, however, pays a cost set by the sector dimension, which is polynomial of degree $N$ in $d$ at fixed $N$ and exponential in $N$ when $d=Θ(N)$. Finally, an efficient classical sampler for the induced occupation-number distribution would yield one for arbitrary quantum circuits, contrary to standard complexity assumptions.",['quant-ph'],2026-06-23T18:00:04+00:00,https://arxiv.org/pdf/2606.25029v1,arxiv://2606.25029v1,18,30
2606.23934v1,Augmenting Imaginary-Time Evolution with Local Geometric Information,"['Carlos L. Benavides-Riveros', 'Prachi Sharma', 'Fedor Šimkovic']","Imaginary-time evolution (ITE) underpins a broad family of algorithms for ground-state preparation in quantum simulation and quantum many-body physics. In these methods, convergence is governed by the energy variance of the instantaneous state, causing the flow to approach the ground state only asymptotically. We introduce an augmented imaginary-time evolution (AITE) framework that replaces the standard gradient flow on the energy landscape with a geometrically informed descent along locally optimal directions, which are identified by exploiting the higher-order statistical structure of the instantaneous energy distribution. The resulting flow strictly outperforms standard ITE throughout the entire evolution and exhibits two qualitatively distinct regimes: a superlinear convergence regime, followed by an extinction regime in which the energy error vanishes exactly at a finite imaginary time, in sharp contrast to the asymptotic exponential decay of ITE. Standard ITE is recovered in the zero-skewness limit of AITE, implying that the acceleration extends naturally across the broader ITE algorithmic family.","['quant-ph', 'cond-mat.str-el', 'physics.comp-ph']",2026-06-22T20:53:36+00:00,https://arxiv.org/pdf/2606.23934v1,arxiv://2606.23934v1,19,30
2606.23467v1,Prethermal rotating-frame solid echo in a dipolar nuclear-spin network,"['Quentin Reynard-Feytis', 'William Beatrez', 'Leo Joon Il Moon', 'Emanuel Druga', 'Ashok Ajoy']","Floquet prethermalization can endow interacting quantum solids with long-lived, approximately conserved quantities, enabling Hamiltonian engineering and new dynamical probes. Using a hyperpolarized network of dipolar-coupled $^{13}$C nuclear spins in diamond driven by pulsed spin-locking, we access a rotating-frame prethermal plateau with quasi-conserved transverse magnetization and cycle-resolved inductive readout. Within this prethermal manifold we observe a robust \emph{rotating-frame solid echo}: after an apparent decay of the rotating-frame free-induction signal over a delay $τ$, the magnetization revives at time $2τ$ following a single $(α)_y$ pulse, with maximum amplitude near $α\simeqπ/2$. The echo envelope decays as a stretched exponential with characteristic time $T_2'\approx 13\,$ms. Analytical arguments and toy-model simulations attribute the revival to Floquet micromotion that transfers coherences between operator subspaces, so that only a subset of the many-body dephasing dynamics is inverted by the $y$ pulse. These results translate classic echo physics into the prethermal rotating frame and point to continuously interrogated prethermal spin ensembles as a versatile platform for high-throughput spectroscopy, Hamiltonian engineering, and long-duration quantum sensing.",['quant-ph'],2026-06-22T15:16:01+00:00,https://arxiv.org/pdf/2606.23467v1,arxiv://2606.23467v1,20,30
2606.20445v1,Space-time duality approach to (inhomogeneous) integrable quenches,"['Riccardo Travaglino', 'Pasquale Calabrese', 'Katja Klobas', 'Bruno Bertini']","Characterising the universal aspects of non-equilibrium quantum many-body dynamics is one of the key goals of this century's physics research. Progress, however, is hindered by the lack of general theoretical frameworks for studying interacting quantum matter far from equilibrium. A recent breakthrough has been the realization that several key non-equilibrium quantities, such as the rate of growth of entanglement or the fluctuations of conserved charges within finite subsystems, can be related to equilibrium properties through a space-time duality that effectively exchanges the roles of space and time. This observation effectively enables the study of non-equilibrium phenomena using tools and concepts borrowed from equilibrium statistical mechanics and thermodynamics. A first proof of principle of this framework, dubbed space-time duality approach (SDA), was provided by interacting integrable systems, where thermodynamic properties can often be characterized exactly, while dynamical quantities typically remain beyond analytical reach. Subsequent developments, however, revealed that the SDA suffered from an intrinsic ambiguity, restricting its applicability to homogeneous quenches and to charge fluctuations arising from symmetric initial states. Here we resolve this ambiguity from first principles and derive closed-form predictions for entanglement growth and charge fluctuations after general quantum quenches. We benchmark our results against the exact analytical solution of the Rule 54 quantum cellular automaton and extensive TEBD simulations of the XXZ chain. Moreover we show that, when specialised to the entanglement entropy, our framework naturally reproduces the predictions of the quasiparticle picture.","['cond-mat.stat-mech', 'hep-th', 'quant-ph']",2026-06-18T16:24:22+00:00,https://arxiv.org/pdf/2606.20445v1,arxiv://2606.20445v1,21,30
2606.20340v1,Phase locking nuclear spins in silicon with spin-orbit coupling,"['Habitamu Y. Walelign', 'Manas Ranjan Sahu', 'John M. Nichol']","Because they have such long coherence times, nuclear spins have extraordinary potential for use in quantum information processing devices. However, coherent nuclear spin control generally requires external phase references, such as microwave control fields. Here, we phase-lock a $^{29}$Si nuclear spin ensemble in a silicon quantum dot using only the internal electronic spin-orbit coupling as a phase reference. When driven with the quantum-dot electrons, the nuclear spins align themselves to a phase determined by the electronic spin-orbit coupling and the timing of the drive protocol. This enables us to measure the coherent precession and inhomogeneous dephasing of the nuclear spins. We corroborate our results with detailed numerical simulations of the many-body electron nuclear system. Our work opens new routes for coherently controlling solid-state nuclear spin ensembles.","['quant-ph', 'cond-mat.mes-hall']",2026-06-18T15:10:03+00:00,https://arxiv.org/pdf/2606.20340v1,arxiv://2606.20340v1,22,30
2606.20242v1,Mitigating Trotter Errors via Post-Processed Symmetry Restoration,"['Sangjin Lee', 'Sangkook Choi']","Quantum simulation is a powerful tool for exploring complex quantum many-body systems such as condensed matter physics and gauge theories. Trotterization, which approximates the ideal time evolution operator by decomposing it into a sequence of local gate operations, is one of the most widely used quantum simulation algorithms. However, such Trotterized implementations generally fail to preserve the symmetries of the target Hamiltonian during compilation. As a result, they can drive quantum states out of symmetrically allowed subspaces, leading to unphysical dynamics and symmetry-violating algorithmic errors. In this work, we propose a symmetry-based Trotter error mitigation protocol using classical post-processing. By applying symmetry transformations to the initial state or interleaving them between discrete Trotter layers, and then averaging an ensemble of the resulting measurement outcomes via classical post-processing, our method systematically projects out the symmetry-violating components of the Trotter error while leaving the ideal dynamics unchanged. Importantly, this framework naturally accommodates non-local spatial symmetries and anti-unitary operations such as time reversal, which are difficult or impossible to implement directly with hardware-native quantum gates. We benchmark our protocol on the one-dimensional XY model and the one-dimensional Schwinger model. In the XY model, enforcing reflection symmetry suppresses the leading-order Trotter error, whereas in the Schwinger model, interleaving gauge transformations between Trotter layers enables gauge-twirling effectively to reduce unphysical violations of local Gauss's law. These results demonstrate that symmetry-based post-processing provides a depth-preserving route to substantially improving the fidelity of Trotterized quantum simulations on near-term devices.",['quant-ph'],2026-06-18T13:55:20+00:00,https://arxiv.org/pdf/2606.20242v1,arxiv://2606.20242v1,23,30
2606.19444v1,Unleashing Emergent Fermions with Rydberg Atom Simulators,"['Hanteng Wang', 'Xingyu Li', 'Shang Liu', 'Yingfei Gu', 'Chengshu Li']","Rydberg atom simulators, in both analog and digital modes, have attracted significant recent interest due to their versatile geometric reconfigurability. In this work, leveraging this feature, we propose two complementary approaches, one for each mode, to characterize emergent fermions in critical quantum many-body systems. In the analog mode, we assemble the Rydberg atoms in a ""developable"" (namely, preserving local couplings) Möbius band geometry to realize antiperiodic boundary conditions, where fermionic states reside. Spectroscopic measurement in this sector then reveals universal energy ratios of the bosonic and fermionic states. In the digital mode, we carry out a fermionic version of Kibble-Zurek ramping with a quantum circuit, directly addressing the fermionic scaling form. Reconfigurability allows an exponential speed-up of this task, with an $O(\log L\log\log L)$ circuit-depth overhead. Our work establishes the Rydberg atom simulator as a uniquely powerful platform to attack the notoriously difficult issue of experimentally probing emergent fermions that are nonlocally defined in a bosonic system.","['cond-mat.quant-gas', 'cond-mat.stat-mech', 'cond-mat.str-el', 'quant-ph']",2026-06-17T18:00:05+00:00,https://arxiv.org/pdf/2606.19444v1,arxiv://2606.19444v1,24,30
2606.19437v1,Many-Body Protection of Topological Edge Memory in Strong Interacting Quenches,"['Yuxiao Hang', 'Stephan Haas', 'Rishabh Jha']","Quantum quenches drive edge states far from equilibrium, yet whether the memory of a topological initial state survives in a non-integrable, interacting system has remained largely unexplored. We study this question in the bond-alternating XXZ chain -- an interacting Su--Schrieffer--Heeger model hosting symmetry-protected topological edge modes with markedly enhanced boundary magnetization -- and analyze quenches across all combinations of single-particle and many-body initial and final Hamiltonians. The results organize by a single distinction as we rigorously establish in this work: whether the post-quench Hamiltonian is free or genuinely interacting. For a free post-quench Hamiltonian, the dynamics is solved exactly by a correlation-matrix approach; the boundary-mode return amplitude decays as $t^{-3/2}$, and initial interactions enter only through a dressed one-body density matrix. For a genuinely interacting post-quench Hamiltonian, finite-time stability bounds prove that away from local resonances the first-dimer magnetization remains stable on time windows growing as arbitrarily large powers of the inverse inter-dimer coupling. Matrix product state simulations across all four protocols show that interactions in the final Hamiltonian markedly extend finite-time boundary memory -- with local suppression near the isotropic $SU(2)$ point -- revealing a many-body protection mechanism in a non-integrable system where scrambling would otherwise wash out initial-state memory fast.","['cond-mat.str-el', 'cond-mat.stat-mech', 'quant-ph']",2026-06-17T18:00:02+00:00,https://arxiv.org/pdf/2606.19437v1,arxiv://2606.19437v1,25,30
2606.19430v1,Solving Nonequilibrium Dynamics via Influence Matrix Bootstrap: Floquet-PXP Model,"['Xiao-Yang Yang', 'He-Ran Wang', 'Zhong Wang']","Studies of integrable systems have profoundly deepened the fundamental understanding of quantum many-body physics. While equilibrium properties such as ground states and thermodynamics can often be characterized efficiently, accurately characterizing nonequilibrium integrable dynamics remains a significant challenge. Here, we address this problem in the ""Rule 201"" quantum cellular automaton, an integrable Trotterization of the PXP Hamiltonian. Using the tensor-network approach of the influence matrix, we develop local conditions called generalized zipper conditions that allow exact solutions of local dynamics. We also introduce a numerical bootstrap method for solving influence matrices with finite but relatively large bond dimensions. This uncovers a rich landscape of nonequilibrium behavior exhibiting initial-state dependence. As an example, we investigate the fate of persistent oscillating dynamics under local non-integrable perturbations, and present analytical results for non-thermal relaxation constrained by conservation laws. We also obtain numerically exact results for entanglement growth across a broad class of initial states. Furthermore, from an information-theoretic perspective, we identify a refined structure of multitime correlations termed the hidden Markov order: the memory encoded in the dynamics separates into finite-length and long-range distributed components, which becomes transparent in an exact split-index matrix-product-state representation of the influence matrix. Our approach enables unified investigations of nonthermalizing and thermalizing regimes of nonequilibrium dynamics within a single analytically tractable model, and can be tested experimentally in state-of-the-art quantum simulators such as Rydberg atom arrays.","['quant-ph', 'cond-mat.quant-gas', 'cond-mat.str-el', 'math-ph']",2026-06-17T18:00:01+00:00,https://arxiv.org/pdf/2606.19430v1,arxiv://2606.19430v1,26,30
2606.18916v1,Exceptional-Point-Anchored Variational Quantum Eigensolver for Non-Hermitian Many-Body Phase Diagrams: Bridging Skin-Effect Topology and Entanglement Criticality on NISQ Hardware,"['Akoramurthy B', 'Surendiran B', 'Xiaochun Cheng']","We introduce the Biorthogonal Variational Quantum Eigensolver (B-VQE), a quantum algorithm for simulating non-Hermitian many-body systems on noisy intermediate-scale quantum (NISQ) hardware. Non-Hermitian quantum matter exhibits exceptional points, parity-time symmetry breaking, and non-Hermitian skin effects, yet existing quantum algorithms often rely on costly post-selection procedures and are not designed to capture biorthogonal eigenstates.
  B-VQE employs independent variational circuits to represent the left and right eigenstates of a non-Hermitian Hamiltonian and optimizes a biorthogonal objective function that directly tracks non-Hermitian phase transitions. The framework incorporates an Exceptional-Point Detector (EPD) that identifies exceptional points through a hardware-native coalescence metric and a Non-Hermitian Quantum Geometric Tensor (NH-QGT) readout that distinguishes state-topological and band-topological signatures in interacting many-body systems. To overcome the exponential overhead associated with conventional non-Hermitian simulation, we develop an importance-sampling mitigation strategy that removes the need for ancilla-based post-selection while retaining polynomial computational scaling.
  We validate the approach on three representative models: a non-Hermitian Hubbard chain, a non-Hermitian XXZ spin chain, and a two-dimensional non-Hermitian (t)-(J) model. B-VQE achieves relative energy errors below (5\times10^{-3}) and locates exceptional points with high accuracy on noise-free simulations while resolving phase boundaries associated with localization, quantum scars, and skin-effect physics. These results establish B-VQE as a scalable NISQ methodology for constructing non-Hermitian many-body phase diagrams and exploring topological and critical phenomena in open quantum systems.",['quant-ph'],2026-06-17T10:43:26+00:00,https://arxiv.org/pdf/2606.18916v1,arxiv://2606.18916v1,27,30
2606.17849v1,Creating squeezed and non-classical collective motional many-body states through stroboscopic Rydberg dressing,"['Roman Wußler', 'Chris Nill', 'Sylvain de Léséleuc', 'Christian Groß', 'Igor Lesanovsky']","Realizing conditional quantum operations, e.g., quantum gates, for quantum computing and simulation requires controlled interactions between particles. Often, these interactions depend on the interparticle distance, and accordingly, an uncertainty of the relative particle position may translate into gate infidelities. We consider here a quantum computing platform based on an array of neutral atoms and present a method that allows to reduce the uncertainty of all interatomic distances. Our approach exploits the coupling between atomic motion and stroboscopically excited atomic Rydberg states. It allows to collectively squeeze the modes corresponding to interatomic displacements, thereby reducing distance fluctuations down to a fraction of the motional vacuum state. Furthermore, the method permits the creation of non-classical states with substantial Wigner negativity. These correlated states may allow reducing motional decoherence, increasing gate fidelity, and potentially yield a resource for quantum-enhanced metrology.","['physics.atom-ph', 'cond-mat.quant-gas', 'quant-ph']",2026-06-16T12:16:52+00:00,https://arxiv.org/pdf/2606.17849v1,arxiv://2606.17849v1,28,30
2606.15518v1,Suppressing Intrinsic Spin-Phonon Errors in Trapped-Ion Quantum Simulation,"['Dylan Sheils', 'James Wang', 'Or Katz']","Trapped-ion quantum simulators realize programmable spin models through phonon-mediated interactions. For Hamiltonians with noncommuting terms, however, the same phonon bus generates intrinsic spin-phonon errors that strongly distort the target dynamics. Because these errors are governed by the full time history of the spin-dependent phonon motion, they survive standard loop-closing control and limit simulation accuracy. Using a sequence of frame transformations, we isolate the residual error dynamics and show that this intrinsic error can be strongly suppressed while preserving programmable Ising couplings. Full spin-boson simulations of multi-ion chains demonstrate orders-of-magnitude lower error than both constant-drive and conventional loop-closing protocols. These results remove a central precision barrier in trapped-ion analog quantum simulation and enable accurate programmable simulation of noncommuting many-body Hamiltonians and dynamical protocols.","['quant-ph', 'cond-mat.quant-gas', 'physics.atom-ph']",2026-06-14T00:13:33+00:00,https://arxiv.org/pdf/2606.15518v1,arxiv://2606.15518v1,29,30
2606.15062v1,Discontinuous strong-to-weak symmetry breaking transition from thermal pure states,"['Taiki Haga', 'Masaya Kunimi', 'Masaya Nakagawa']","We investigate the nonequilibrium dynamics of strong-to-weak spontaneous symmetry breaking in many-body quantum systems undergoing decoherence from thermal pure states. For generic initial pure states with volume-law entanglement entropy, we show that the system undergoes a discontinuous dynamical phase transition at a critical time. This transition is accompanied by a singularity in the entropy of the system, which saturates to its maximum value at the same critical time. Through numerical simulations of the dephasing Ising and hard-core boson models, we establish the universality of this transition across different symmetries. Our results reveal that the dynamical emergence of a decohered mixed state from a highly entangled state is not a gradual asymptotic relaxation, but rather a sharp phase transition driven by a sudden collapse of global coherence.","['quant-ph', 'cond-mat.stat-mech']",2026-06-13T02:39:05+00:00,https://arxiv.org/pdf/2606.15062v1,arxiv://2606.15062v1,30,30
